id,first_name,last_name,gender,email,procedure
781-77-4550,Nicole,Berry,Female,nberry0@yandex.ru,7876
690-48-1692,Jack,Morris,Male,jmorris1@tripod.com,5694
399-17-6240,Anna,Chavez,Female,achavez2@utexas.edu,0124
604-83-1527,Walter,Robinson,Male,wrobinson3@washington.edu,2992
724-33-0824,Amanda,Coleman,Female,acoleman4@mashable.com,7011
927-55-2065,Wanda,Stewart,Female,wstewart5@wired.com,3720
104-01-5918,Fred,Johnston,Male,fjohnston6@wordpress.org,6951
875-96-8230,Daniel,Mills,Male,dmills7@tuttocitta.it,8129
112-03-2727,Mary,Stevens,Female,mstevens8@ucoz.ru,3868
994-19-2745,Phillip,Boyd,Male,pboyd9@phoca.cz,4929
507-89-8430,Diane,Howard,Female,dhowarda@cocolog-nifty.com,8835
668-09-4047,Joseph,Moore,Male,jmooreb@smugmug.com,9212
430-37-0005,Frances,Green,Female,fgreenc@hud.gov,8035
575-00-1923,Teresa,Alexander,Female,talexanderd@pagesperso-orange.fr,0874
292-86-0936,Wanda,Mccoy,Female,wmccoye@360.cn,330
178-87-3746,Carl,Hicks,Male,chicksf@multiply.com,8792
100-33-0395,Philip,Lane,Male,planeg@dion.ne.jp,2161
393-66-4141,Kathleen,Burns,Female,kburnsh@shinystat.com,0332
758-10-4029,Raymond,Grant,Male,rgranti@mediafire.com,7499
669-90-7485,Nancy,Marshall,Female,nmarshallj@time.com,8625
531-52-7468,John,Flores,Male,jfloresk@oracle.com,5582
637-05-5453,Larry,Porter,Male,lporterl@kickstarter.com,6622
520-47-1180,Virginia,Holmes,Female,vholmesm@europa.eu,9512
113-54-9606,Stephanie,Howell,Female,showelln@hud.gov,4465
256-48-5481,John,Willis,Male,jwilliso@ask.com,4422
824-52-8616,Martin,Gomez,Male,mgomezp@ihg.com,9823
411-18-3414,Larry,Riley,Male,lrileyq@networksolutions.com,5597
116-80-0685,Willie,Garza,Male,wgarzar@webnode.com,0716
283-02-3084,Sarah,Sullivan,Female,ssullivans@columbia.edu,8104
875-17-0568,Brenda,Alexander,Female,balexandert@biglobe.ne.jp,7869
612-43-9072,Roy,Cole,Male,rcoleu@yahoo.co.jp,9512
946-10-1198,Donna,Griffin,Female,dgriffinv@quantcast.com,3320
329-94-3784,Michael,Henry,Male,mhenryw@123-reg.co.uk,6394
989-47-7474,David,Crawford,Male,dcrawfordx@wordpress.com,096
161-79-6218,Henry,Thompson,Male,hthompsony@ezinearticles.com,0009
724-11-7823,Edward,Dunn,Male,edunnz@tiny.cc,8692
852-46-8417,Rose,Holmes,Female,rholmes10@photobucket.com,311
758-00-2702,Scott,Mendoza,Male,smendoza11@godaddy.com,280
380-14-7708,Joyce,Arnold,Female,jarnold12@wikimedia.org,6621
566-74-6812,Brenda,Boyd,Female,bboyd13@about.com,9005
411-65-7379,Tammy,Thompson,Female,tthompson14@biblegateway.com,1755
347-33-8370,Brian,Daniels,Male,bdaniels15@businessinsider.com,4311
234-38-7969,Beverly,Lynch,Female,blynch16@boston.com,8534
746-45-4572,Ernest,Webb,Male,ewebb17@163.com,6443
411-84-3807,Joan,Mitchell,Female,jmitchell18@blinklist.com,9374
743-98-8108,Steven,Fields,Male,sfields19@mtv.com,3729
447-30-9876,Dennis,Morrison,Male,dmorrison1a@businesswire.com,3372
241-76-8262,Martha,Rogers,Female,mrogers1b@de.vu,0912
505-61-8790,Johnny,Jackson,Male,jjackson1c@t-online.de,3175
380-52-1444,Denise,Hamilton,Female,dhamilton1d@ucsd.edu,9749
604-62-8923,Marilyn,Lawrence,Female,mlawrence1e@yelp.com,1629
339-46-9812,Deborah,Clark,Female,dclark1f@ycombinator.com,9701
984-77-4650,Jeffrey,Morris,Male,jmorris1g@theglobeandmail.com,0047
708-16-2878,Kevin,Freeman,Male,kfreeman1h@digg.com,4869
664-99-8055,Norma,Howell,Female,nhowell1i@moonfruit.com,8683
882-74-2470,Paul,Anderson,Male,panderson1j@amazon.co.uk,7729
199-40-4287,Shirley,Patterson,Female,spatterson1k@ibm.com,8931
247-10-4842,Melissa,Rogers,Female,mrogers1l@fc2.com,713
582-60-3700,Julia,Lopez,Female,jlopez1m@aol.com,7823
592-58-4482,Cynthia,Howard,Female,choward1n@weibo.com,9364
212-40-6524,Ashley,Wells,Female,awells1o@twitpic.com,7940
383-58-4940,Joshua,Watson,Male,jwatson1p@networksolutions.com,0142
104-96-6097,Marie,Anderson,Female,manderson1q@fda.gov,5523
727-13-8848,Heather,Mcdonald,Female,hmcdonald1r@liveinternet.ru,9604
221-56-0405,Larry,Allen,Male,lallen1s@jimdo.com,7931
847-47-3288,Todd,Armstrong,Male,tarmstrong1t@hao123.com,6693
332-69-4165,Debra,Oliver,Female,doliver1u@amazon.co.uk,720
450-55-4741,Brenda,Harrison,Female,bharrison1v@bizjournals.com,0714
408-98-3083,Todd,Marshall,Male,tmarshall1w@storify.com,9773
164-10-9016,Judy,Clark,Female,jclark1x@sphinn.com,3573
551-24-9773,Jennifer,Willis,Female,jwillis1y@nba.com,4903
287-44-2632,Eugene,White,Male,ewhite1z@phpbb.com,4594
329-03-7475,Lawrence,Hicks,Male,lhicks20@gov.uk,9397
901-44-7151,Catherine,Washington,Female,cwashington21@usnews.com,645
608-87-4565,Bonnie,Coleman,Female,bcoleman22@nytimes.com,3990
562-73-8257,Kenneth,Thomas,Male,kthomas23@accuweather.com,9900
180-39-0103,Jane,Schmidt,Female,jschmidt24@dell.com,6996
871-55-7202,Louis,Black,Male,lblack25@feedburner.com,3755
256-16-8737,Bobby,Jacobs,Male,bjacobs26@bizjournals.com,4103
398-14-6220,Albert,Matthews,Male,amatthews27@archive.org,7796
688-44-0552,Ernest,Johnson,Male,ejohnson28@howstuffworks.com,7639
887-37-2498,Angela,Kelly,Female,akelly29@meetup.com,4672
465-69-4025,Joseph,Coleman,Male,jcoleman2a@diigo.com,4263
385-07-8781,Nicholas,Rose,Male,nrose2b@domainmarket.com,3597
453-83-0267,Diane,Warren,Female,dwarren2c@over-blog.com,7707
302-95-4602,Christopher,Morrison,Male,cmorrison2d@goo.gl,0003
876-42-7935,Ernest,Andrews,Male,eandrews2e@goodreads.com,2432
352-66-3435,Alice,Hawkins,Female,ahawkins2f@dedecms.com,7078
691-20-4997,Thomas,Schmidt,Male,tschmidt2g@cnbc.com,9811
392-31-6758,Donald,Wallace,Male,dwallace2h@drupal.org,1132
163-66-6600,Benjamin,King,Male,bking2i@noaa.gov,0912
371-07-3199,Sarah,Gilbert,Female,sgilbert2j@arstechnica.com,4011
737-40-3009,Bonnie,Mccoy,Female,bmccoy2k@geocities.jp,6449
780-76-2330,Susan,Shaw,Female,sshaw2l@nasa.gov,9941
338-50-3959,Daniel,Gardner,Male,dgardner2m@shinystat.com,7841
980-22-7738,Jeremy,Duncan,Male,jduncan2n@mysql.com,9445
879-42-6851,Gerald,Evans,Male,gevans2o@lycos.com,2370
466-21-3305,Carolyn,Sullivan,Female,csullivan2p@lycos.com,7842
729-63-0888,Jeremy,Lawrence,Male,jlawrence2q@biblegateway.com,4258
781-99-7207,Jerry,Campbell,Male,jcampbell2r@berkeley.edu,8417
262-28-9165,Lois,Simmons,Female,lsimmons2s@dailymotion.com,3483
100-10-0304,Jeremy,Warren,Male,jwarren2t@digg.com,6669
622-45-6826,Melissa,Simmons,Female,msimmons2u@bloglines.com,0202
173-42-7981,Maria,Hunt,Female,mhunt2v@unicef.org,8424
612-24-4116,Robert,Hudson,Male,rhudson2w@epa.gov,7161
665-60-7946,Kimberly,Sims,Female,ksims2x@squarespace.com,0359
918-97-8410,Todd,Simpson,Male,tsimpson2y@microsoft.com,4843
582-00-7249,Donna,Cox,Female,dcox2z@howstuffworks.com,3768
755-63-3994,Theresa,Dean,Female,tdean30@feedburner.com,2309
950-31-5587,Earl,Fernandez,Male,efernandez31@yahoo.com,7961
568-70-9497,Adam,Dunn,Male,adunn32@barnesandnoble.com,3783
873-40-6022,Ashley,Bishop,Female,abishop33@yahoo.com,6554
376-17-5732,Rachel,Roberts,Female,rroberts34@nhs.uk,7862
853-62-9146,Steven,Morris,Male,smorris35@dot.gov,8554
288-37-0960,Brenda,Harris,Female,bharris36@amazonaws.com,9054
255-03-8226,Jack,Washington,Male,jwashington37@wufoo.com,3956
924-96-9544,Amanda,Wright,Female,awright38@delicious.com,1781
427-20-8876,Antonio,Russell,Male,arussell39@cbc.ca,8594
467-68-1764,Bonnie,Fuller,Female,bfuller3a@npr.org,8840
801-22-9917,Phyllis,Scott,Female,pscott3b@smugmug.com,4583
193-16-2612,Raymond,Romero,Male,rromero3c@weather.com,7738
491-10-2299,Joyce,Woods,Female,jwoods3d@wufoo.com,0115
556-37-4866,Wayne,Green,Male,wgreen3e@boston.com,9779
472-72-8350,Donna,Butler,Female,dbutler3f@google.com.au,0783
598-87-1127,Norma,Brown,Female,nbrown3g@berkeley.edu,1271
641-82-1372,Katherine,Hart,Female,khart3h@shutterfly.com,8272
360-20-3372,Bobby,Larson,Male,blarson3i@hibu.com,6551
300-99-3892,Jerry,Simpson,Male,jsimpson3j@nyu.edu,4104
791-09-2487,Albert,Wright,Male,awright3k@ftc.gov,5741
465-51-1459,Brandon,Duncan,Male,bduncan3l@wordpress.com,3503
885-44-1353,Heather,Williams,Female,hwilliams3m@amazon.de,8596
998-74-9705,Charles,White,Male,cwhite3n@lycos.com,3491
793-19-8187,George,Kelly,Male,gkelly3o@fotki.com,2184
246-59-4077,Larry,Fuller,Male,lfuller3p@rediff.com,5786
715-63-2132,Denise,Ross,Female,dross3q@toplist.cz,3508
210-41-8035,Philip,Holmes,Male,pholmes3r@narod.ru,7840
218-90-2141,Phyllis,Garrett,Female,pgarrett3s@tripod.com,7896
595-47-6886,Catherine,Anderson,Female,canderson3t@com.com,3241
252-73-4439,Philip,Long,Male,plong3u@linkedin.com,222
448-04-8375,Doris,Mills,Female,dmills3v@skyrock.com,7834
133-05-3470,Jonathan,Boyd,Male,jboyd3w@hugedomains.com,3833
413-47-5941,Steve,Berry,Male,sberry3x@wiley.com,4262
413-30-0421,Scott,Ray,Male,sray3y@walmart.com,8734
953-41-5786,Howard,Mccoy,Male,hmccoy3z@imgur.com,9649
208-51-3288,Juan,Kelly,Male,jkelly40@acquirethisname.com,9546
108-55-7031,Ernest,Powell,Male,epowell41@msn.com,8362
166-72-9621,Kelly,Vasquez,Female,kvasquez42@w3.org,4311
346-82-1158,Lawrence,Nichols,Male,lnichols43@skyrock.com,5683
319-77-9573,Adam,Griffin,Male,agriffin44@rakuten.co.jp,1839
215-43-1744,Bruce,Harper,Male,bharper45@ca.gov,8005
482-90-2450,Deborah,Mills,Female,dmills46@google.pl,3479
651-82-4264,Doris,Little,Female,dlittle47@skype.com,4225
292-12-6769,Barbara,Black,Female,bblack48@hibu.com,2186
423-31-9488,Henry,Gray,Male,hgray49@shutterfly.com,9859
641-91-5645,Pamela,Turner,Female,pturner4a@ihg.com,8951
763-83-7370,Christine,Woods,Female,cwoods4b@who.int,9144
764-37-5218,Ruth,Hamilton,Female,rhamilton4c@baidu.com,5632
252-45-0511,Wanda,James,Female,wjames4d@ft.com,0091
141-97-5737,Tina,Garrett,Female,tgarrett4e@mac.com,3796
346-89-0942,Judith,Washington,Female,jwashington4f@infoseek.co.jp,7811
855-13-3310,Carlos,Hill,Male,chill4g@prweb.com,2343
631-98-0565,Donna,Carroll,Female,dcarroll4h@slideshare.net,4621
171-77-4980,Martha,Stanley,Female,mstanley4i@washington.edu,8039
691-88-9980,Carolyn,Rice,Female,crice4j@census.gov,7849
146-54-1048,Adam,Williams,Male,awilliams4k@telegraph.co.uk,1099
815-02-6936,Larry,Owens,Male,lowens4l@java.com,526
285-54-9845,Henry,Larson,Male,hlarson4m@weibo.com,4823
801-17-3907,Raymond,Carr,Male,rcarr4n@uiuc.edu,3175
228-30-8809,Doris,Rodriguez,Female,drodriguez4o@sbwire.com,9705
888-60-4309,Arthur,Brooks,Male,abrooks4p@cbslocal.com,8070
331-64-1832,Benjamin,Peters,Male,bpeters4q@slate.com,7872
476-71-7157,Linda,Hamilton,Female,lhamilton4r@skype.com,9141
836-92-5152,Roy,Kennedy,Male,rkennedy4s@msu.edu,6929
993-35-3930,Joshua,Jacobs,Male,jjacobs4t@sogou.com,8793
473-98-1095,David,Schmidt,Male,dschmidt4u@macromedia.com,6829
806-65-0200,Johnny,Roberts,Male,jroberts4v@gravatar.com,1735
594-88-6238,Douglas,Harrison,Male,dharrison4w@go.com,7763
703-56-0773,Peter,Bailey,Male,pbailey4x@statcounter.com,105
110-05-4377,Gerald,Ryan,Male,gryan4y@so-net.ne.jp,111
143-64-5063,Todd,Ward,Male,tward4z@sogou.com,8289
630-31-3537,Bruce,Phillips,Male,bphillips50@squarespace.com,8460
135-00-8930,Thomas,Mitchell,Male,tmitchell51@hp.com,9628
317-17-7668,Rebecca,Turner,Female,rturner52@va.gov,4349
953-53-9981,Todd,Hernandez,Male,thernandez53@nydailynews.com,8763
137-69-6687,Ann,Williams,Female,awilliams54@indiatimes.com,7121
850-83-7702,Jonathan,Martinez,Male,jmartinez55@feedburner.com,3334
831-76-4468,Fred,Turner,Male,fturner56@clickbank.net,7109
279-73-7029,Phyllis,Holmes,Female,pholmes57@drupal.org,9672
891-65-2959,Joshua,James,Male,jjames58@nhs.uk,7828
209-95-5055,Karen,Gutierrez,Female,kgutierrez59@vkontakte.ru,331
692-57-3164,Dennis,Russell,Male,drussell5a@twitpic.com,9618
664-72-4651,Evelyn,Knight,Female,eknight5b@spotify.com,8699
619-90-3512,Jesse,Vasquez,Male,jvasquez5c@imgur.com,4021
547-63-1307,Harry,Patterson,Male,hpatterson5d@51.la,154
925-18-3513,Russell,Perkins,Male,rperkins5e@sciencedirect.com,3741
291-22-4666,Julie,Ramos,Female,jramos5f@paypal.com,8852
405-34-3719,Bobby,Ford,Male,bford5g@ucoz.ru,315
467-38-2802,Kelly,Graham,Female,kgraham5h@drupal.org,4595
745-39-5731,Alan,Mason,Male,amason5i@buzzfeed.com,5599
353-50-9237,Janet,Hunter,Female,jhunter5j@wired.com,7928
803-28-4487,Shirley,Davis,Female,sdavis5k@slate.com,5492
171-92-6176,Henry,Boyd,Male,hboyd5l@bloomberg.com,1264
779-90-2574,Julie,Jacobs,Female,jjacobs5m@hp.com,8582
325-64-1406,Annie,Woods,Female,awoods5n@amazon.de,3733
147-30-5554,Tammy,Ellis,Female,tellis5o@nbcnews.com,2186
701-10-6688,Joe,Stephens,Male,jstephens5p@omniture.com,8714
807-78-5383,Lillian,Hart,Female,lhart5q@dion.ne.jp,1160
201-14-2872,Jack,Hunt,Male,jhunt5r@elegantthemes.com,9181
522-86-2040,Rachel,Dunn,Female,rdunn5s@dyndns.org,8822
755-34-0320,Nicole,Ray,Female,nray5t@pagesperso-orange.fr,8902
685-58-0242,Wanda,Campbell,Female,wcampbell5u@yahoo.co.jp,286
946-11-0400,Edward,Wallace,Male,ewallace5v@pbs.org,8088
752-19-1302,Debra,Jackson,Female,djackson5w@tumblr.com,6719
915-33-6671,Carl,Crawford,Male,ccrawford5x@mac.com,5749
444-00-9651,Adam,Rodriguez,Male,arodriguez5y@craigslist.org,7013
107-71-5014,Donna,Watson,Female,dwatson5z@upenn.edu,7611
421-08-8926,Aaron,Campbell,Male,acampbell60@walmart.com,3995
811-90-3125,Marie,Dean,Female,mdean61@patch.com,4872
784-51-5905,Sandra,Kelly,Female,skelly62@meetup.com,5532
756-99-2044,Dennis,Boyd,Male,dboyd63@icq.com,8291
213-57-2987,Stephanie,Ellis,Female,sellis64@gravatar.com,4864
863-16-3626,Lisa,Jackson,Female,ljackson65@nasa.gov,4623
268-70-7056,Denise,Burton,Female,dburton66@wisc.edu,6449
364-85-1014,Amy,Palmer,Female,apalmer67@walmart.com,0046
994-02-4208,Ruby,Oliver,Female,roliver68@biglobe.ne.jp,9721
317-53-9361,Matthew,Phillips,Male,mphillips69@1und1.de,9413
795-60-8791,Dennis,Vasquez,Male,dvasquez6a@ebay.com,240
729-90-2159,Robin,Fowler,Female,rfowler6b@reverbnation.com,8963
632-27-1431,Virginia,Williamson,Female,vwilliamson6c@nationalgeographic.com,4543
598-39-0132,Michael,Bishop,Male,mbishop6d@ftc.gov,7782
871-41-1364,Tina,Oliver,Female,toliver6e@theguardian.com,8421
569-43-7437,Michael,Dixon,Male,mdixon6f@1688.com,8737
563-84-0499,Philip,Gardner,Male,pgardner6g@prlog.org,7674
466-43-3064,Michelle,Harris,Female,mharris6h@weather.com,1473
697-16-4565,Wanda,Morrison,Female,wmorrison6i@techcrunch.com,8199
999-04-4036,Timothy,Miller,Male,tmiller6j@fc2.com,8130
152-58-2018,Antonio,Hansen,Male,ahansen6k@accuweather.com,9152
483-61-7329,Judith,Fowler,Female,jfowler6l@t.co,7880
179-58-9655,John,Hamilton,Male,jhamilton6m@addtoany.com,0525
458-60-3070,Jeremy,Castillo,Male,jcastillo6n@mysql.com,1281
896-82-6666,Mildred,Peters,Female,mpeters6o@a8.net,9394
625-04-6669,Judy,Dixon,Female,jdixon6p@apple.com,8473
715-32-1399,Laura,Stanley,Female,lstanley6q@cbslocal.com,5184
783-81-5682,Juan,Fox,Male,jfox6r@ed.gov,3773
452-59-5770,Betty,Jones,Female,bjones6s@forbes.com,4497
415-41-1554,Joe,Burke,Male,jburke6t@sourceforge.net,3371
838-25-6627,David,Gibson,Male,dgibson6u@ed.gov,1812
306-62-7622,Russell,Murphy,Male,rmurphy6v@moonfruit.com,3823
114-33-6109,Russell,Crawford,Male,rcrawford6w@feedburner.com,8131
985-32-1970,Virginia,Griffin,Female,vgriffin6x@marriott.com,9702
671-67-4486,Adam,Woods,Male,awoods6y@sphinn.com,6061
585-50-2614,Paula,Moreno,Female,pmoreno6z@nih.gov,5141
393-99-5722,Earl,Ward,Male,eward70@typepad.com,1201
281-75-1492,Kathleen,Weaver,Female,kweaver71@jimdo.com,0390
141-06-0188,Andrea,Nelson,Female,anelson72@moonfruit.com,1519
648-42-0459,Sarah,Duncan,Female,sduncan73@vkontakte.ru,8867
169-50-4488,Martha,Little,Female,mlittle74@sciencedaily.com,282
961-77-3873,Nicole,Garrett,Female,ngarrett75@parallels.com,4502
371-99-8507,Chris,Perry,Male,cperry76@ebay.co.uk,3765
292-54-8183,Jeremy,Gordon,Male,jgordon77@techcrunch.com,9820
747-12-5054,Russell,Alvarez,Male,ralvarez78@gnu.org,4133
240-49-1023,Kevin,Dunn,Male,kdunn79@facebook.com,0714
610-39-5769,Pamela,White,Female,pwhite7a@nhs.uk,9732
711-80-6391,Larry,Nguyen,Male,lnguyen7b@businessweek.com,8194
914-11-1382,Mary,Alexander,Female,malexander7c@ted.com,6731
154-88-7918,Maria,Wells,Female,mwells7d@google.es,4268
762-24-6102,Ruby,Morgan,Female,rmorgan7e@miibeian.gov.cn,5491
780-40-8117,Eric,Jackson,Male,ejackson7f@bluehost.com,9094
556-47-6731,Sara,Harrison,Female,sharrison7g@prlog.org,8766
522-11-0031,Mary,Snyder,Female,msnyder7h@xing.com,5503
739-10-0324,Carl,Anderson,Male,canderson7i@naver.com,4686
232-44-2804,Betty,Ford,Female,bford7j@jigsy.com,8416
386-67-3944,Thomas,Bowman,Male,tbowman7k@ocn.ne.jp,6575
845-61-2255,Annie,Cole,Female,acole7l@chicagotribune.com,4231
495-28-2061,Phillip,Simpson,Male,psimpson7m@squarespace.com,0892
189-60-8544,Doris,Graham,Female,dgraham7n@multiply.com,5891
390-72-4460,Roger,Mitchell,Male,rmitchell7o@xinhuanet.com,9306
651-79-0657,Brian,Elliott,Male,belliott7p@bigcartel.com,3555
784-70-2000,Shirley,Harvey,Female,sharvey7q@is.gd,9304
473-55-6592,Julie,Ortiz,Female,jortiz7r@mozilla.com,9071
926-95-2539,Timothy,Henry,Male,thenry7s@latimes.com,8142
314-90-1339,Steve,Ramos,Male,sramos7t@ocn.ne.jp,0869
837-54-1200,Kenneth,Willis,Male,kwillis7u@scientificamerican.com,5721
289-59-6412,Teresa,Lee,Female,tlee7v@sina.com.cn,2933
192-90-4978,Terry,Stephens,Male,tstephens7w@mit.edu,0050
189-29-3029,Lisa,Hunter,Female,lhunter7x@toplist.cz,1241
687-26-3069,Wanda,Lane,Female,wlane7y@desdev.cn,8021
767-48-1887,Diane,Russell,Female,drussell7z@craigslist.org,6491
817-87-7943,Carl,Romero,Male,cromero80@java.com,670
513-85-5379,Evelyn,Duncan,Female,eduncan81@nationalgeographic.com,4521
563-78-8998,Jeremy,Austin,Male,jaustin82@apple.com,3428
163-35-2046,Carolyn,Murray,Female,cmurray83@netscape.com,0742
267-01-5732,Matthew,Gilbert,Male,mgilbert84@bloglovin.com,2171
374-05-6676,Justin,Howell,Male,jhowell85@blogs.com,6211
122-20-1244,Emily,Cruz,Female,ecruz86@bloomberg.com,7721
516-75-6389,Joseph,Gibson,Male,jgibson87@technorati.com,3734
492-26-3113,Samuel,Cruz,Male,scruz88@i2i.jp,1723
457-28-5974,Andrea,Hughes,Female,ahughes89@pagesperso-orange.fr,1192
164-34-5578,Dorothy,Johnson,Female,djohnson8a@opera.com,0971
430-82-9642,Brandon,Taylor,Male,btaylor8b@epa.gov,6632
418-50-7603,Betty,Day,Female,bday8c@google.co.jp,7932
345-34-2001,Alan,Nelson,Male,anelson8d@discovery.com,0843
962-95-5480,Susan,Stephens,Female,sstephens8e@geocities.com,6094
374-48-1207,Catherine,Fisher,Female,cfisher8f@yahoo.co.jp,3973
115-94-3500,Steven,West,Male,swest8g@com.com,1479
994-99-2051,Gloria,Franklin,Female,gfranklin8h@acquirethisname.com,613
628-82-4082,Phillip,White,Male,pwhite8i@earthlink.net,5303
114-99-2828,Cheryl,White,Female,cwhite8j@g.co,3949
277-29-8679,Michael,Dean,Male,mdean8k@github.io,8023
553-46-8318,Ruby,Campbell,Female,rcampbell8l@irs.gov,9139
780-25-2161,Robert,Larson,Male,rlarson8m@toplist.cz,8711
898-62-5072,Irene,Wallace,Female,iwallace8n@mit.edu,9502
615-29-6015,Diana,Peters,Female,dpeters8o@census.gov,1241
702-16-8023,Brenda,Bryant,Female,bbryant8p@devhub.com,3194
614-89-0905,Antonio,Elliott,Male,aelliott8q@cmu.edu,3898
521-08-4422,Billy,Armstrong,Male,barmstrong8r@tiny.cc,2899
233-89-9738,Alice,Baker,Female,abaker8s@mapy.cz,208
904-29-8457,Russell,Sims,Male,rsims8t@twitter.com,4901
202-58-0669,Ernest,Robinson,Male,erobinson8u@youtu.be,7894
121-95-6481,Diana,Wilson,Female,dwilson8v@github.com,9829
410-90-0573,Todd,Willis,Male,twillis8w@fotki.com,9105
318-19-3310,Craig,Hicks,Male,chicks8x@hubpages.com,154
831-98-0162,Christina,Stone,Female,cstone8y@bluehost.com,9752
836-01-4844,Jane,Warren,Female,jwarren8z@opera.com,3887
602-40-4705,Theresa,Simpson,Female,tsimpson90@slideshare.net,9325
439-19-8636,Louise,Watson,Female,lwatson91@dmoz.org,8411
424-76-3341,Michael,Hudson,Male,mhudson92@dailymail.co.uk,4219
775-77-3103,Helen,Warren,Female,hwarren93@furl.net,9910
112-09-5239,Steve,Nelson,Male,snelson94@shop-pro.jp,3989
391-97-8400,Anna,Smith,Female,asmith95@jigsy.com,2742
608-99-0232,Mark,Mills,Male,mmills96@netscape.com,3837
487-17-0808,Steven,Lane,Male,slane97@smugmug.com,8365
332-06-1055,Tammy,Moreno,Female,tmoreno98@cyberchimps.com,6593
772-06-0683,Elizabeth,Watkins,Female,ewatkins99@nature.com,186
288-17-4792,Jean,Palmer,Female,jpalmer9a@fema.gov,8180
538-86-3380,Brian,Andrews,Male,bandrews9b@fc2.com,284
795-82-7519,Aaron,Moore,Male,amoore9c@liveinternet.ru,9363
581-74-6322,Donald,Griffin,Male,dgriffin9d@ted.com,9616
590-56-2044,Judy,Foster,Female,jfoster9e@timesonline.co.uk,9106
589-14-0898,Louise,Johnson,Female,ljohnson9f@apache.org,6212
625-52-7015,Emily,Chapman,Female,echapman9g@ow.ly,4254
557-20-3648,Roger,Medina,Male,rmedina9h@mediafire.com,4023
609-42-0480,Katherine,Jones,Female,kjones9i@chronoengine.com,0057
897-39-3489,Evelyn,Ortiz,Female,eortiz9j@home.pl,7786
761-56-0967,Wanda,Ward,Female,wward9k@home.pl,0971
420-71-5363,Steve,Reid,Male,sreid9l@desdev.cn,632
932-44-2127,Robert,Murray,Male,rmurray9m@miitbeian.gov.cn,6759
407-96-7440,Carolyn,Gilbert,Female,cgilbert9n@shop-pro.jp,4691
706-22-7268,Anna,Hamilton,Female,ahamilton9o@dedecms.com,1482
725-68-9657,Gerald,Bishop,Male,gbishop9p@wikia.com,5331
446-68-4492,Laura,Gonzalez,Female,lgonzalez9q@dmoz.org,9439
280-25-4504,Dennis,Brooks,Male,dbrooks9r@wsj.com,4102
914-76-7570,Arthur,Cox,Male,acox9s@google.ca,7706
730-99-8486,Charles,Jordan,Male,cjordan9t@parallels.com,6012
954-21-8245,Mark,Cooper,Male,mcooper9u@blogs.com,4199
724-46-7091,Kimberly,Gonzales,Female,kgonzales9v@bandcamp.com,9986
152-16-8197,Heather,Henderson,Female,hhenderson9w@reuters.com,8026
381-59-7939,Kenneth,Murray,Male,kmurray9x@about.me,4632
891-36-1224,Helen,Barnes,Female,hbarnes9y@gnu.org,8809
964-01-4671,Larry,Weaver,Male,lweaver9z@domainmarket.com,7074
298-12-0954,Catherine,Ellis,Female,cellisa0@mac.com,4959
334-61-5814,Christina,Howell,Female,chowella1@thetimes.co.uk,9135
654-32-8831,Melissa,Hawkins,Female,mhawkinsa2@cbc.ca,9818
534-55-2507,Nancy,Andrews,Female,nandrewsa3@etsy.com,0744
665-93-6010,Catherine,Hunter,Female,chuntera4@slideshare.net,6352
622-04-9831,Elizabeth,Ramirez,Female,eramireza5@desdev.cn,7827
484-12-2339,Todd,Gonzales,Male,tgonzalesa6@google.ru,8456
112-79-4819,Tina,Oliver,Female,tolivera7@chron.com,8219
423-15-9408,Michael,Garrett,Male,mgarretta8@booking.com,4131
403-95-5089,Debra,Franklin,Female,dfranklina9@scribd.com,9431
936-10-1019,Timothy,Vasquez,Male,tvasquezaa@senate.gov,9175
490-92-1370,Kenneth,Wood,Male,kwoodab@sakura.ne.jp,7710
391-14-6030,Harold,Gilbert,Male,hgilbertac@miitbeian.gov.cn,3973
710-55-9633,Evelyn,Stanley,Female,estanleyad@lycos.com,1171
774-12-6754,Joe,Kennedy,Male,jkennedyae@huffingtonpost.com,4673
574-38-4750,Kelly,Burns,Female,kburnsaf@angelfire.com,2104
219-34-2385,Julie,Moreno,Female,jmorenoag@tmall.com,7693
825-34-3366,Mary,Phillips,Female,mphillipsah@blogtalkradio.com,5741
316-32-0599,Donna,Perry,Female,dperryai@chronoengine.com,9761
686-66-3394,Catherine,Henry,Female,chenryaj@wikispaces.com,5209
263-63-8369,Deborah,Kim,Female,dkimak@phoca.cz,3550
127-33-9452,Marilyn,Diaz,Female,mdiazal@hhs.gov,3798
359-01-3975,Chris,Lewis,Male,clewisam@shareasale.com,3807
924-01-4527,George,Ramirez,Male,gramirezan@businessweek.com,0042
462-69-4536,Stephanie,Fernandez,Female,sfernandezao@imageshack.us,0745
559-04-5263,Laura,Reynolds,Female,lreynoldsap@msn.com,3943
345-92-6305,Mark,Welch,Male,mwelchaq@scientificamerican.com,9184
253-50-2156,Steven,Butler,Male,sbutlerar@ameblo.jp,8891
730-61-5488,Fred,Grant,Male,fgrantas@virginia.edu,3966
618-02-7791,Karen,Riley,Female,krileyat@disqus.com,2699
389-54-4170,Linda,Robertson,Female,lrobertsonau@booking.com,8091
857-31-6552,Teresa,Coleman,Female,tcolemanav@boston.com,0080
158-20-5430,Raymond,Smith,Male,rsmithaw@cocolog-nifty.com,9153
696-00-9407,Terry,Ortiz,Male,tortizax@globo.com,7861
784-00-3621,Louise,Edwards,Female,ledwardsay@prlog.org,1819
638-87-1245,Timothy,Daniels,Male,tdanielsaz@skype.com,4971
192-44-7296,Jean,Gilbert,Female,jgilbertb0@rambler.ru,155
664-88-0102,Donald,Campbell,Male,dcampbellb1@ycombinator.com,0081
190-44-0888,Katherine,Cox,Female,kcoxb2@businessweek.com,3772
283-31-4814,Janice,Taylor,Female,jtaylorb3@aol.com,0203
406-20-3165,Wanda,Medina,Female,wmedinab4@github.io,282
406-28-5109,Ryan,Frazier,Male,rfrazierb5@mashable.com,0689
923-87-1330,Fred,Palmer,Male,fpalmerb6@bigcartel.com,4461
974-16-4726,Anthony,Ferguson,Male,afergusonb7@ftc.gov,3321
451-55-2574,Marilyn,Dean,Female,mdeanb8@umn.edu,3555
572-74-9342,Jesse,Rogers,Male,jrogersb9@purevolume.com,9787
844-46-5899,Judy,Bennett,Female,jbennettba@slashdot.org,6072
790-92-3739,Kathryn,Mason,Female,kmasonbb@admin.ch,8775
265-02-0465,Emily,Collins,Female,ecollinsbc@squidoo.com,5900
189-12-4528,Larry,Riley,Male,lrileybd@google.co.uk,5111
893-32-3405,Wayne,Ford,Male,wfordbe@msn.com,9025
739-57-7796,Robin,Bowman,Female,rbowmanbf@netscape.com,3379
116-73-7584,William,Johnson,Male,wjohnsonbg@deliciousdays.com,0017
416-83-4957,Amy,Little,Female,alittlebh@dailymail.co.uk,4673
662-91-3870,Gregory,Boyd,Male,gboydbi@diigo.com,5211
679-99-9037,Ann,Austin,Female,aaustinbj@oracle.com,8555
659-60-4028,Arthur,Fields,Male,afieldsbk@odnoklassniki.ru,674
988-12-2871,Lois,Kim,Female,lkimbl@apache.org,8100
391-94-0498,Bonnie,Perez,Female,bperezbm@dropbox.com,1292
671-20-7101,David,Bowman,Male,dbowmanbn@hostgator.com,6442
683-96-6826,Justin,Andrews,Male,jandrewsbo@youtu.be,0784
167-17-8562,Sara,Gardner,Female,sgardnerbp@amazon.com,0491
995-21-5058,Sean,Crawford,Male,scrawfordbq@ovh.net,8092
690-18-7273,Christina,Matthews,Female,cmatthewsbr@cnet.com,7768
137-94-0471,Evelyn,Gray,Female,egraybs@twitpic.com,0884
703-46-0367,Angela,Hill,Female,ahillbt@cornell.edu,9222
452-21-8699,Joshua,Hayes,Male,jhayesbu@statcounter.com,7792
906-84-7778,Christina,Chavez,Female,cchavezbv@histats.com,7666
858-04-8122,Eric,Romero,Male,eromerobw@smugmug.com,2182
895-90-7255,Janet,Porter,Female,jporterbx@nifty.com,4972
640-69-3861,Lillian,Smith,Female,lsmithby@ft.com,9649
913-43-7947,Larry,Ortiz,Male,lortizbz@cmu.edu,9943
135-68-2225,Theresa,Powell,Female,tpowellc0@ftc.gov,9046
490-95-3742,John,Gray,Male,jgrayc1@free.fr,731
225-60-2714,Lori,Jenkins,Female,ljenkinsc2@wikispaces.com,8211
268-78-6774,Robert,Cooper,Male,rcooperc3@feedburner.com,9173
502-16-1481,Henry,Henderson,Male,hhendersonc4@hp.com,9094
875-44-8829,Lois,Wood,Female,lwoodc5@ox.ac.uk,0393
132-51-7082,Judith,Wilson,Female,jwilsonc6@geocities.jp,6269
715-30-7902,Betty,Sullivan,Female,bsullivanc7@pbs.org,4850
984-28-0877,Annie,Stevens,Female,astevensc8@paginegialle.it,7111
937-34-1852,John,Parker,Male,jparkerc9@paypal.com,4464
508-23-2847,Daniel,Russell,Male,drussellca@ox.ac.uk,696
620-51-1854,Angela,Davis,Female,adaviscb@slate.com,1261
859-29-8394,Albert,Wood,Male,awoodcc@trellian.com,0339
476-90-5001,Carlos,Shaw,Male,cshawcd@amazon.co.jp,4287
441-06-0121,Sara,Hernandez,Female,shernandezce@prlog.org,3796
483-85-9049,Eugene,Anderson,Male,eandersoncf@toplist.cz,8117
945-81-9237,Kathryn,Willis,Female,kwilliscg@clickbank.net,4979
108-22-9772,Kevin,Reed,Male,kreedch@theglobeandmail.com,7747
228-12-5031,Gerald,Peterson,Male,gpetersonci@qq.com,4311
182-06-1187,Wanda,Kim,Female,wkimcj@barnesandnoble.com,9932
615-53-4806,Billy,Lynch,Male,blynchck@ifeng.com,8582
124-95-3229,Bonnie,Morgan,Female,bmorgancl@globo.com,0131
619-31-0625,Rebecca,Morris,Female,rmorriscm@cbc.ca,4192
868-78-5302,Debra,Green,Female,dgreencn@disqus.com,4921
318-89-9542,Eugene,Gomez,Male,egomezco@youku.com,3250
946-00-4040,Donna,Mcdonald,Female,dmcdonaldcp@shinystat.com,744
169-21-6838,Maria,Perry,Female,mperrycq@narod.ru,5464
138-89-7087,Lawrence,Grant,Male,lgrantcr@google.nl,3815
668-09-1329,Martin,Hayes,Male,mhayescs@shareasale.com,7061
962-85-7841,Carol,Frazier,Female,cfrazierct@cam.ac.uk,8281
436-20-1201,David,Snyder,Male,dsnydercu@dmoz.org,3958
126-73-9340,Beverly,Brooks,Female,bbrookscv@ft.com,5451
446-19-2312,Karen,Flores,Female,kflorescw@moonfruit.com,7819
952-05-8885,Jimmy,Griffin,Male,jgriffincx@ezinearticles.com,2723
827-32-3867,Lois,Kelley,Female,lkelleycy@t.co,9431
328-07-8559,Terry,Williams,Male,twilliamscz@comcast.net,9904
644-08-9815,Michelle,Ortiz,Female,mortizd0@clickbank.net,8406
463-28-3061,Adam,Reynolds,Male,areynoldsd1@jugem.jp,9218
275-78-3874,Jason,Diaz,Male,jdiazd2@fc2.com,9904
980-29-4029,Lillian,Olson,Female,lolsond3@google.ru,8622
384-20-4531,Lori,Shaw,Female,lshawd4@bbb.org,8882
771-92-4916,Carl,Owens,Male,cowensd5@soundcloud.com,1513
607-57-0877,Henry,Gonzales,Male,hgonzalesd6@gov.uk,9752
507-78-0083,Anne,Webb,Female,awebbd7@vinaora.com,8860
163-49-7622,Louise,Morgan,Female,lmorgand8@github.io,9228
663-72-4702,Evelyn,Gordon,Female,egordond9@cisco.com,0039
177-79-3474,Juan,Warren,Male,jwarrenda@biblegateway.com,9733
123-70-5447,Martha,Myers,Female,mmyersdb@slideshare.net,8850
641-53-8953,Peter,Hughes,Male,phughesdc@npr.org,5731
447-45-9362,Kimberly,Wagner,Female,kwagnerdd@wunderground.com,3403
780-96-4778,Joe,Wilson,Male,jwilsonde@scientificamerican.com,193
615-47-0201,Judith,Reyes,Female,jreyesdf@ustream.tv,8584
494-28-1519,Gregory,Ryan,Male,gryandg@google.pl,4467
753-62-1546,Bobby,Gonzalez,Male,bgonzalezdh@acquirethisname.com,9535
315-76-0273,Doris,Simpson,Female,dsimpsondi@opera.com,5672
604-92-5557,Mildred,Reynolds,Female,mreynoldsdj@hp.com,8102
845-58-6003,Jimmy,Burton,Male,jburtondk@feedburner.com,9111
987-62-6479,Eric,Rice,Male,ericedl@unblog.fr,0123
538-89-1600,Debra,Marshall,Female,dmarshalldm@msu.edu,4799
913-49-3073,Gerald,Rose,Male,grosedn@twitter.com,9339
478-97-9189,Christopher,Fernandez,Male,cfernandezdo@twitpic.com,9391
205-92-1561,Martha,Collins,Female,mcollinsdp@joomla.org,6192
412-30-2342,Beverly,Bennett,Female,bbennettdq@1und1.de,8331
110-04-1210,Kathy,Peters,Female,kpetersdr@hud.gov,3573
867-45-1930,Steven,Allen,Male,sallends@tuttocitta.it,7913
282-78-4302,Steve,Boyd,Male,sboyddt@google.com.au,9102
945-75-6303,Bobby,Andrews,Male,bandrewsdu@wikimedia.org,7804
165-86-9950,Annie,Shaw,Female,ashawdv@seesaa.net,0117
362-96-9250,Roy,Flores,Male,rfloresdw@squarespace.com,4413
419-84-6486,Janice,Larson,Female,jlarsondx@columbia.edu,9367
227-50-0063,Patricia,Hunter,Female,phunterdy@theglobeandmail.com,0689
344-56-8996,Jimmy,Wells,Male,jwellsdz@github.io,5892
645-26-5137,Phillip,Wright,Male,pwrighte0@unesco.org,4511
417-98-5585,Kathryn,Warren,Female,kwarrene1@amazonaws.com,5329
570-21-3574,Willie,Daniels,Male,wdanielse2@addthis.com,4602
294-06-9214,Sandra,Carr,Female,scarre3@cpanel.net,7981
773-06-6934,Cheryl,Perkins,Female,cperkinse4@technorati.com,283
997-66-7526,Carolyn,Holmes,Female,cholmese5@google.ru,2042
220-92-6854,Julie,Ortiz,Female,jortize6@example.com,161
222-50-3663,Kevin,Stanley,Male,kstanleye7@reverbnation.com,3821
731-41-6793,Johnny,Wilson,Male,jwilsone8@ted.com,4881
956-43-8881,Sean,Price,Male,spricee9@ebay.co.uk,3596
294-28-5188,Sharon,Burns,Female,sburnsea@theguardian.com,8134
380-37-7201,Phillip,Brown,Male,pbrowneb@printfriendly.com,9501
876-61-6862,Michelle,Andrews,Female,mandrewsec@friendfeed.com,3726
459-00-6281,Michael,Hamilton,Male,mhamiltoned@google.com,9046
156-73-3545,Louise,George,Female,lgeorgeee@deliciousdays.com,5717
267-74-2979,William,Thomas,Male,wthomasef@house.gov,7803
513-66-3852,Jeffrey,Ramos,Male,jramoseg@google.co.jp,8846
463-81-6621,Jason,Coleman,Male,jcolemaneh@microsoft.com,9902
147-88-4682,Ralph,Turner,Male,rturnerei@bloomberg.com,7071
137-12-8383,Diana,Jacobs,Female,djacobsej@unblog.fr,016
614-98-0860,Howard,Morrison,Male,hmorrisonek@aol.com,8592
281-98-1928,Nicholas,Warren,Male,nwarrenel@walmart.com,8852
213-53-4394,Eugene,Fuller,Male,efullerem@disqus.com,9355
466-73-4469,Michelle,Boyd,Female,mboyden@elpais.com,7773
226-69-3209,Kenneth,West,Male,kwesteo@msn.com,481
771-80-1458,Marilyn,Barnes,Female,mbarnesep@xrea.com,4679
466-01-7849,Justin,Vasquez,Male,jvasquezeq@mapquest.com,627
856-72-7085,Rebecca,Shaw,Female,rshawer@vk.com,3221
772-16-9218,Eugene,Alexander,Male,ealexanderes@princeton.edu,2642
448-07-5420,Thomas,Rogers,Male,trogerset@jalbum.net,4062
600-99-9286,Ryan,Henry,Male,rhenryeu@unesco.org,7904
328-44-6188,Jason,Elliott,Male,jelliottev@nbcnews.com,280
101-76-5169,Ann,Jones,Female,ajonesew@amazon.co.jp,7391
589-63-3481,Carolyn,Hamilton,Female,chamiltonex@bigcartel.com,2791
800-40-7777,Gloria,Phillips,Female,gphillipsey@nymag.com,6673
359-66-5900,Mildred,Johnston,Female,mjohnstonez@biglobe.ne.jp,1122
524-55-3288,Kelly,Lawrence,Female,klawrencef0@squidoo.com,5222
920-22-1349,Gregory,Kelly,Male,gkellyf1@vinaora.com,4691
878-07-6807,Alan,Coleman,Male,acolemanf2@odnoklassniki.ru,1159
226-98-8919,Janice,Lopez,Female,jlopezf3@free.fr,7696
763-42-0091,Stephanie,Willis,Female,swillisf4@toplist.cz,7119
874-58-8681,Frank,Jordan,Male,fjordanf5@marketwatch.com,3491
667-32-6962,Tammy,Washington,Female,twashingtonf6@gmpg.org,9371
913-33-6771,Sharon,Castillo,Female,scastillof7@nyu.edu,4391
606-41-2880,Sharon,Daniels,Female,sdanielsf8@google.es,696
885-22-2433,Nicholas,Vasquez,Male,nvasquezf9@blinklist.com,9912
591-40-2503,Clarence,Coleman,Male,ccolemanfa@bbb.org,9186
973-20-7726,Henry,Hudson,Male,hhudsonfb@ocn.ne.jp,8235
757-10-2708,Nicole,Hudson,Female,nhudsonfc@godaddy.com,5902
353-38-7191,Sara,Banks,Female,sbanksfd@purevolume.com,4631
624-29-4907,Shawn,Holmes,Male,sholmesfe@spotify.com,2751
211-24-1471,Melissa,Kim,Female,mkimff@t-online.de,8543
711-57-8832,Cheryl,Turner,Female,cturnerfg@archive.org,9549
976-08-0146,Kimberly,Carroll,Female,kcarrollfh@reverbnation.com,4574
774-25-4864,Douglas,Torres,Male,dtorresfi@xrea.com,7693
239-73-0899,Kimberly,Cook,Female,kcookfj@vimeo.com,7891
635-96-4537,Frank,Rice,Male,fricefk@harvard.edu,9395
503-18-8383,Catherine,Garrett,Female,cgarrettfl@google.de,7980
418-06-1445,Diana,Oliver,Female,doliverfm@bing.com,9228
773-01-6631,Ann,Wright,Female,awrightfn@alexa.com,9705
630-54-0846,Martin,Castillo,Male,mcastillofo@people.com.cn,5512
765-07-9383,Jennifer,Owens,Female,jowensfp@omniture.com,3981
693-72-6427,Douglas,Harrison,Male,dharrisonfq@cpanel.net,3795
898-34-9356,John,Carroll,Male,jcarrollfr@shutterfly.com,1649
535-80-2425,Daniel,Rivera,Male,driverafs@chron.com,4062
372-22-9762,Lillian,Robertson,Female,lrobertsonft@yelp.com,8484
750-45-5270,Eugene,Owens,Male,eowensfu@jalbum.net,8075
950-19-7469,Bruce,Spencer,Male,bspencerfv@blogger.com,326
157-73-3949,Clarence,Simmons,Male,csimmonsfw@ebay.co.uk,4212
424-08-7156,Henry,Henry,Male,hhenryfx@earthlink.net,622
646-57-4944,Stephen,Fowler,Male,sfowlerfy@indiatimes.com,9927
836-47-9654,Craig,Simmons,Male,csimmonsfz@adobe.com,8194
224-35-8209,Louise,Medina,Female,lmedinag0@technorati.com,9346
972-94-3738,Deborah,Mendoza,Female,dmendozag1@dailymotion.com,6692
409-20-5961,Paul,Gomez,Male,pgomezg2@home.pl,8523
540-05-7561,Sean,Carroll,Male,scarrollg3@hibu.com,2755
382-52-3574,David,Cunningham,Male,dcunninghamg4@uiuc.edu,3749
531-89-2437,Nancy,Cunningham,Female,ncunninghamg5@digg.com,3220
573-86-9178,Jeremy,Schmidt,Male,jschmidtg6@skype.com,1739
556-93-1903,Anthony,Patterson,Male,apattersong7@ftc.gov,4676
967-92-3082,Raymond,Bryant,Male,rbryantg8@google.com,3943
303-20-1792,Jesse,Hart,Male,jhartg9@dion.ne.jp,3609
314-09-5449,Ruth,Cooper,Female,rcooperga@chronoengine.com,0204
838-97-6692,Rachel,Gutierrez,Female,rgutierrezgb@is.gd,5587
318-26-6087,Ralph,Martin,Male,rmartingc@businesswire.com,8837
862-12-5509,Anthony,Gordon,Male,agordongd@csmonitor.com,2749
149-95-6912,Matthew,George,Male,mgeorgege@google.com.au,9131
877-18-5873,Ashley,Carpenter,Female,acarpentergf@uiuc.edu,4939
801-70-4885,Louise,Lee,Female,lleegg@sohu.com,9634
767-16-8109,Earl,Snyder,Male,esnydergh@jiathis.com,5683
852-63-2288,Patrick,Baker,Male,pbakergi@qq.com,7840
868-93-6469,Catherine,Rogers,Female,crogersgj@tripod.com,9431
703-68-6341,Gerald,Payne,Male,gpaynegk@home.pl,2732
833-98-0678,Virginia,Bishop,Female,vbishopgl@booking.com,8221
513-75-6749,Paula,Weaver,Female,pweavergm@zimbio.com,5362
958-67-5320,Keith,Stephens,Male,kstephensgn@com.com,7111
406-65-2880,Kathryn,Bradley,Female,kbradleygo@china.com.cn,5494
524-40-2309,Debra,Ryan,Female,dryangp@elpais.com,668
622-79-2707,Ernest,Harrison,Male,eharrisongq@people.com.cn,0511
641-39-5179,Norma,Williams,Female,nwilliamsgr@cdc.gov,3976
148-75-9872,Louise,Hughes,Female,lhughesgs@vimeo.com,5635
882-18-7776,Carl,Stewart,Male,cstewartgt@goo.ne.jp,3737
686-95-1681,Christopher,Watkins,Male,cwatkinsgu@blog.com,9977
426-51-5056,Donald,Reyes,Male,dreyesgv@about.me,3524
692-57-9626,Shawn,Howell,Male,showellgw@themeforest.net,1259
511-64-0458,Janice,Kelley,Female,jkelleygx@indiegogo.com,9159
479-64-3161,Juan,Bradley,Male,jbradleygy@etsy.com,0480
405-96-1697,Stephen,Olson,Male,solsongz@imageshack.us,8889
803-87-0099,Pamela,Fowler,Female,pfowlerh0@edublogs.org,8179
181-59-6187,Louise,Allen,Female,lallenh1@rediff.com,9381
154-54-2832,Robin,Stanley,Female,rstanleyh2@facebook.com,9726
283-72-8818,Lillian,Sullivan,Female,lsullivanh3@reference.com,0489
417-96-2109,Evelyn,Vasquez,Female,evasquezh4@discuz.net,9957
913-20-3329,Christina,Edwards,Female,cedwardsh5@ibm.com,3489
407-68-8008,Martha,Matthews,Female,mmatthewsh6@domainmarket.com,3953
679-12-6321,Todd,Reyes,Male,treyesh7@cbc.ca,4663
147-33-9467,Jessica,Ward,Female,jwardh8@wikipedia.org,9755
546-44-5771,Ernest,Morgan,Male,emorganh9@vk.com,6219
691-13-9387,Gloria,Palmer,Female,gpalmerha@springer.com,1691
299-41-2759,Steven,Peters,Male,spetershb@ed.gov,7880
374-00-8850,Anthony,Alvarez,Male,aalvarezhc@yandex.ru,8460
401-98-3840,Jonathan,Wilson,Male,jwilsonhd@bloglovin.com,5783
940-35-0553,Charles,Bell,Male,cbellhe@mit.edu,8873
288-69-6685,Steven,Reynolds,Male,sreynoldshf@vkontakte.ru,0522
829-61-8471,Lori,Howell,Female,lhowellhg@ehow.com,3794
753-67-9393,Ruby,Jones,Female,rjoneshh@hp.com,101
626-37-4742,Evelyn,Thompson,Female,ethompsonhi@bizjournals.com,4972
410-11-3832,Jonathan,Bryant,Male,jbryanthj@comsenz.com,4413
255-42-7017,Brian,Stevens,Male,bstevenshk@theglobeandmail.com,4019
830-83-0553,Eugene,Garrett,Male,egarretthl@cbc.ca,6694
950-51-5061,Jean,Bell,Female,jbellhm@hibu.com,7769
721-42-6573,Keith,Nichols,Male,knicholshn@howstuffworks.com,9436
456-65-3931,Kimberly,Reed,Female,kreedho@trellian.com,3805
351-89-6159,Frank,Ford,Male,ffordhp@yellowbook.com,1829
697-03-7907,Chris,Fuller,Male,cfullerhq@java.com,7906
882-54-5779,Steven,Gonzalez,Male,sgonzalezhr@uiuc.edu,2632
457-46-5591,Jesse,Gibson,Male,jgibsonhs@163.com,8918
108-27-4681,Jessica,Shaw,Female,jshawht@bizjournals.com,8918
331-65-5409,Katherine,Miller,Female,kmillerhu@cafepress.com,2499
475-70-5574,Jane,Turner,Female,jturnerhv@oaic.gov.au,8099
314-99-3717,Diane,Marshall,Female,dmarshallhw@noaa.gov,5681
539-33-2009,Amy,Young,Female,ayounghx@macromedia.com,8009
234-17-1701,Tina,Owens,Female,towenshy@mashable.com,1736
775-88-3797,Gregory,Freeman,Male,gfreemanhz@unc.edu,0820
770-79-5740,Ryan,Ortiz,Male,rortizi0@si.edu,7934
320-25-3548,Gerald,Holmes,Male,gholmesi1@latimes.com,0772
105-96-2129,Paula,Rivera,Female,priverai2@hostgator.com,6419
776-63-9162,Patricia,Price,Female,ppricei3@blogspot.com,8155
711-04-8987,Wanda,George,Female,wgeorgei4@salon.com,9186
211-78-1617,Scott,Coleman,Male,scolemani5@cbsnews.com,2100
754-57-4321,Julia,Fields,Female,jfieldsi6@hatena.ne.jp,2763
863-36-0052,Deborah,Graham,Female,dgrahami7@stumbleupon.com,2162
362-62-3273,Cheryl,Vasquez,Female,cvasquezi8@wikia.com,7161
843-63-6525,Walter,Torres,Male,wtorresi9@ocn.ne.jp,5972
228-21-9702,Philip,Thompson,Male,pthompsonia@state.tx.us,0372
672-67-4822,Jean,Lawrence,Female,jlawrenceib@ft.com,6370
597-93-1607,William,Sanders,Male,wsandersic@mail.ru,8408
991-31-8691,Maria,Reed,Female,mreedid@google.com.br,9217
788-69-5107,Raymond,Griffin,Male,rgriffinie@drupal.org,9765
535-42-3677,Judy,Adams,Female,jadamsif@xinhuanet.com,9227
790-33-7908,Carl,Sanchez,Male,csanchezig@oaic.gov.au,8859
754-59-5316,Robert,Johnston,Male,rjohnstonih@1und1.de,2819
454-16-4732,Joshua,Davis,Male,jdavisii@sfgate.com,8008
674-86-5569,Charles,Adams,Male,cadamsij@1688.com,8423
558-63-9632,Robert,Palmer,Male,rpalmerik@list-manage.com,2172
364-88-0471,Jennifer,Johnson,Female,jjohnsonil@opensource.org,5331
920-79-2504,Marilyn,Johnson,Female,mjohnsonim@icq.com,3144
673-58-5066,Gloria,Hunter,Female,ghunterin@elegantthemes.com,9239
497-54-4290,Howard,Griffin,Male,hgriffinio@kickstarter.com,043
146-57-9679,Kevin,Henry,Male,khenryip@cornell.edu,6816
304-79-9903,Rose,Sullivan,Female,rsullivaniq@meetup.com,3250
372-28-9367,Raymond,Ramos,Male,rramosir@scribd.com,0712
168-67-3906,Judy,Alvarez,Female,jalvarezis@51.la,9996
453-86-3617,Dennis,Roberts,Male,drobertsit@ucoz.ru,9605
200-25-8959,Todd,Schmidt,Male,tschmidtiu@npr.org,0396
745-28-4437,Jeremy,Brooks,Male,jbrooksiv@comcast.net,8083
869-47-2352,Dorothy,Day,Female,ddayiw@pen.io,3226
735-12-8738,Sarah,Cox,Female,scoxix@youtube.com,8134
701-84-2853,Carlos,Arnold,Male,carnoldiy@zdnet.com,8472
862-22-2322,Anthony,Wallace,Male,awallaceiz@icq.com,1711
491-88-3331,Jean,Banks,Female,jbanksj0@salon.com,251
212-04-2972,Gerald,Fields,Male,gfieldsj1@cyberchimps.com,3509
251-80-0547,Wayne,Mills,Male,wmillsj2@topsy.com,0092
871-49-6453,Richard,Green,Male,rgreenj3@umich.edu,6861
271-65-0412,Jennifer,Matthews,Female,jmatthewsj4@si.edu,8492
512-05-9601,Katherine,Harrison,Female,kharrisonj5@imdb.com,4521
945-20-1595,Andrew,Torres,Male,atorresj6@parallels.com,0844
275-87-7370,Ruby,Wells,Female,rwellsj7@senate.gov,9626
458-78-8589,Alice,Garcia,Female,agarciaj8@amazon.com,5451
615-23-9145,Nicole,Hicks,Female,nhicksj9@weather.com,3571
862-32-2977,Denise,Jones,Female,djonesja@unblog.fr,7961
605-55-5547,Bonnie,Alvarez,Female,balvarezjb@nasa.gov,1663
428-87-3426,Jimmy,Smith,Male,jsmithjc@psu.edu,1253
359-81-7438,Martin,Ford,Male,mfordjd@tinyurl.com,5583
333-21-6205,Matthew,Willis,Male,mwillisje@4shared.com,3129
581-76-0896,Philip,Ross,Male,prossjf@chron.com,7851
817-63-4755,Arthur,Larson,Male,alarsonjg@google.de,4873
451-70-6111,Cynthia,Gibson,Female,cgibsonjh@yahoo.co.jp,4691
976-80-8992,Amy,George,Female,ageorgeji@feedburner.com,9925
345-99-2544,Christine,Armstrong,Female,carmstrongjj@senate.gov,8302
394-68-3098,Ronald,Hunter,Male,rhunterjk@odnoklassniki.ru,1722
574-24-8391,Eric,Garcia,Male,egarciajl@studiopress.com,5104
187-31-2994,Katherine,Anderson,Female,kandersonjm@google.pl,8687
744-44-6102,Lisa,Dunn,Female,ldunnjn@live.com,7715
190-62-6385,Gerald,Bishop,Male,gbishopjo@wired.com,4829
837-52-5876,Justin,Morris,Male,jmorrisjp@wisc.edu,3611
491-27-5849,Phillip,Pierce,Male,ppiercejq@google.ca,9608
523-49-8791,Carlos,Williams,Male,cwilliamsjr@homestead.com,4105
399-15-6632,James,Gonzalez,Male,jgonzalezjs@blogs.com,540
952-69-5639,Frances,Sanchez,Female,fsanchezjt@cdc.gov,8749
116-07-9308,Aaron,Flores,Male,afloresju@dagondesign.com,3493
996-44-8762,Ryan,Spencer,Male,rspencerjv@soundcloud.com,8203
315-17-8975,Samuel,Lawson,Male,slawsonjw@npr.org,1724
573-84-5021,Sharon,Morris,Female,smorrisjx@nyu.edu,7394
315-34-7294,Evelyn,Alexander,Female,ealexanderjy@nifty.com,5459
113-55-0912,Amanda,Mendoza,Female,amendozajz@sogou.com,8007
256-01-3869,Randy,Cruz,Male,rcruzk0@ted.com,576
804-44-0953,Rebecca,Nelson,Female,rnelsonk1@liveinternet.ru,8203
779-49-8686,Russell,Peterson,Male,rpetersonk2@mtv.com,8387
489-28-7710,Shawn,Stevens,Male,sstevensk3@admin.ch,7834
334-45-1172,Dorothy,Walker,Female,dwalkerk4@de.vu,0612
299-72-6403,Lori,Bell,Female,lbellk5@intel.com,8512
621-82-2332,Lawrence,Nelson,Male,lnelsonk6@taobao.com,1372
757-22-9163,Amanda,Myers,Female,amyersk7@bluehost.com,8941
512-31-4673,Brandon,Mason,Male,bmasonk8@seesaa.net,3931
974-77-7307,Ann,Hudson,Female,ahudsonk9@oakley.com,9533
553-09-8693,Robin,Day,Female,rdayka@scientificamerican.com,3943
579-70-1997,Laura,Young,Female,lyoungkb@uol.com.br,8097
377-89-0437,Victor,Jones,Male,vjoneskc@wikia.com,1131
989-42-3869,Jacqueline,Campbell,Female,jcampbellkd@gnu.org,3951
579-55-9039,Terry,Reynolds,Male,treynoldske@blogspot.com,8761
691-70-0080,Jean,Fisher,Female,jfisherkf@meetup.com,9704
905-89-9852,Anthony,Williams,Male,awilliamskg@blogger.com,9734
381-87-8012,Julia,Romero,Female,jromerokh@hc360.com,245
614-55-0372,Cheryl,White,Female,cwhiteki@desdev.cn,1712
466-13-1490,Virginia,Kelley,Female,vkelleykj@weebly.com,6512
874-04-3969,Tina,Tucker,Female,ttuckerkk@cpanel.net,7938
539-13-8746,Beverly,Allen,Female,ballenkl@buzzfeed.com,9901
266-20-4258,Ralph,Butler,Male,rbutlerkm@noaa.gov,9324
699-04-7087,Jesse,Martinez,Male,jmartinezkn@blogger.com,3201
928-61-4214,Frances,Sims,Female,fsimsko@dion.ne.jp,5459
734-43-4105,Willie,Lawson,Male,wlawsonkp@studiopress.com,8145
244-37-4853,Helen,Duncan,Female,hduncankq@usnews.com,8667
578-16-7367,Patrick,Garza,Male,pgarzakr@google.ca,9635
799-09-5585,Jerry,Barnes,Male,jbarnesks@constantcontact.com,4991
135-44-2613,Lori,Lewis,Female,llewiskt@google.pl,8863
159-69-8415,Harold,Bennett,Male,hbennettku@sfgate.com,0397
439-78-1669,Ann,Ray,Female,araykv@zdnet.com,8092
479-18-9108,Cheryl,Robinson,Female,crobinsonkw@indiatimes.com,0352
823-64-7776,Willie,Castillo,Male,wcastillokx@dropbox.com,3550
850-19-8549,Earl,Butler,Male,ebutlerky@tiny.cc,6498
799-97-4208,Jeffrey,Moreno,Male,jmorenokz@mail.ru,8008
464-97-9867,Lori,Diaz,Female,ldiazl0@webeden.co.uk,7739
935-74-1393,Russell,Walker,Male,rwalkerl1@ovh.net,0884
302-00-4381,Gary,Hunt,Male,ghuntl2@joomla.org,3812
606-38-1561,Sean,Lynch,Male,slynchl3@artisteer.com,9786
362-32-6585,Lois,Perez,Female,lperezl4@dailymail.co.uk,3201
207-98-8242,Frances,Gray,Female,fgrayl5@jugem.jp,8146
960-65-1334,Justin,Wells,Male,jwellsl6@tinyurl.com,7599
230-94-7284,Nicole,Foster,Female,nfosterl7@cyberchimps.com,8947
115-14-1667,Lois,Sanders,Female,lsandersl8@ow.ly,5794
476-81-8540,Patrick,Ray,Male,prayl9@so-net.ne.jp,7799
418-05-9904,Jonathan,Webb,Male,jwebbla@ihg.com,8682
424-94-1320,Sean,Hansen,Male,shansenlb@typepad.com,8192
128-43-5334,Edward,Hudson,Male,ehudsonlc@guardian.co.uk,3352
377-85-0795,Carol,Rivera,Female,criverald@topsy.com,4233
759-93-5554,Carlos,Fowler,Male,cfowlerle@eventbrite.com,9341
971-72-5642,Teresa,Moreno,Female,tmorenolf@ustream.tv,1753
238-31-9897,Dorothy,Franklin,Female,dfranklinlg@google.com.au,8379
268-80-6617,Jean,Olson,Female,jolsonlh@free.fr,5219
222-47-0879,Sarah,Fuller,Female,sfullerli@soup.io,3849
652-06-6986,Denise,Wheeler,Female,dwheelerlj@mlb.com,9217
890-83-6974,Amanda,Weaver,Female,aweaverlk@dot.gov,6831
499-07-7032,Susan,Rogers,Female,srogersll@hexun.com,3351
830-59-3032,Gloria,Woods,Female,gwoodslm@liveinternet.ru,3822
211-90-9090,Fred,Kennedy,Male,fkennedyln@spiegel.de,3857
736-91-1052,Brian,Lee,Male,bleelo@google.it,4593
760-69-1953,Christina,Burns,Female,cburnslp@webmd.com,0991
885-12-4798,Joshua,Stone,Male,jstonelq@baidu.com,0722
761-56-5468,Robin,Ryan,Female,rryanlr@utexas.edu,2309
133-16-5028,Julia,Dean,Female,jdeanls@google.com,6819
893-72-9792,Martin,Stanley,Male,mstanleylt@nature.com,0086
948-40-4605,Mildred,Wells,Female,mwellslu@skyrock.com,8624
325-93-6730,Clarence,Shaw,Male,cshawlv@about.com,7766
871-25-8613,Nancy,Anderson,Female,nandersonlw@accuweather.com,9712
219-07-0483,Lisa,White,Female,lwhitelx@barnesandnoble.com,3897
732-90-1720,Mary,Snyder,Female,msnyderly@prnewswire.com,3513
108-93-8979,Raymond,Patterson,Male,rpattersonlz@thetimes.co.uk,3736
636-57-2053,Gerald,Gilbert,Male,ggilbertm0@shutterfly.com,1411
568-74-0013,Rachel,Weaver,Female,rweaverm1@networksolutions.com,6692
888-42-6474,Denise,Freeman,Female,dfreemanm2@fc2.com,2773
448-00-1040,Sharon,Harrison,Female,sharrisonm3@artisteer.com,6529
757-33-1163,Pamela,Nelson,Female,pnelsonm4@alibaba.com,0691
902-90-1369,Amanda,Gilbert,Female,agilbertm5@yahoo.com,2099
506-68-9790,Jessica,West,Female,jwestm6@ocn.ne.jp,9829
151-66-6298,Ann,Perkins,Female,aperkinsm7@vimeo.com,5113
461-65-9282,Virginia,Kelly,Female,vkellym8@fda.gov,9419
220-28-0834,Linda,Mccoy,Female,lmccoym9@e-recht24.de,1521
238-25-6998,Heather,Schmidt,Female,hschmidtma@indiatimes.com,9307
726-17-0656,Joyce,Hunt,Female,jhuntmb@nytimes.com,2072
593-07-7606,Katherine,Morrison,Female,kmorrisonmc@un.org,8552
199-34-4293,Arthur,Hamilton,Male,ahamiltonmd@smugmug.com,8089
429-58-5353,Judith,Nguyen,Female,jnguyenme@ucla.edu,3991
982-65-7319,Gloria,Black,Female,gblackmf@networkadvertising.org,3501
225-61-8017,Mary,Smith,Female,msmithmg@smh.com.au,1481
169-57-0313,Sharon,Rivera,Female,sriveramh@washington.edu,8329
736-88-2279,Mary,Carter,Female,mcartermi@theguardian.com,5679
474-58-4871,Timothy,Williams,Male,twilliamsmj@about.com,4019
241-42-1522,Ralph,Ruiz,Male,rruizmk@patch.com,9424
424-47-3918,Johnny,Rice,Male,jriceml@census.gov,4528
900-92-9172,George,Williams,Male,gwilliamsmm@dropbox.com,4899
578-48-3527,Angela,Davis,Female,adavismn@elpais.com,4438
846-57-7265,Kathy,George,Female,kgeorgemo@ycombinator.com,0492
102-41-1499,Roger,Torres,Male,rtorresmp@prlog.org,284
283-16-4517,Andrew,Lewis,Male,alewismq@rediff.com,481
299-20-2380,Eugene,Woods,Male,ewoodsmr@unicef.org,704
788-99-2666,Henry,Stephens,Male,hstephensms@youtu.be,8943
844-70-2250,Harry,Ellis,Male,hellismt@house.gov,9542
310-50-0678,Ronald,Sullivan,Male,rsullivanmu@google.de,4941
351-20-8030,Katherine,Gilbert,Female,kgilbertmv@hatena.ne.jp,7071
414-60-9075,Samuel,Porter,Male,sportermw@scientificamerican.com,4603
703-95-6617,Sean,Murphy,Male,smurphymx@networksolutions.com,3220
612-20-0383,John,Garrett,Male,jgarrettmy@hubpages.com,3409
436-69-1832,Steven,Alexander,Male,salexandermz@imageshack.us,9082
172-51-7238,Catherine,Hart,Female,chartn0@tinypic.com,6831
937-14-1094,Christine,Wright,Female,cwrightn1@drupal.org,4496
430-71-5987,Chris,Garrett,Male,cgarrettn2@zdnet.com,4422
470-82-6510,Maria,Cox,Female,mcoxn3@youtu.be,2771
121-59-3681,Kenneth,Kelley,Male,kkelleyn4@nymag.com,8045
922-63-0423,Sharon,Barnes,Female,sbarnesn5@businessinsider.com,864
335-69-3129,Harold,Cook,Male,hcookn6@msu.edu,7561
144-38-8280,Benjamin,Barnes,Male,bbarnesn7@163.com,1771
778-75-3921,Wanda,Wells,Female,wwellsn8@yolasite.com,9463
597-32-5888,Amanda,Cruz,Female,acruzn9@wunderground.com,7569
462-33-1427,Robert,Cole,Male,rcolena@hexun.com,4663
149-38-0732,Melissa,Wells,Female,mwellsnb@engadget.com,0493
279-88-8894,Martin,Parker,Male,mparkernc@opera.com,9109
960-54-8616,Carolyn,Kelley,Female,ckelleynd@state.gov,8364
297-98-6247,Brandon,Kelly,Male,bkellyne@cam.ac.uk,8896
938-85-6078,Cheryl,Perkins,Female,cperkinsnf@disqus.com,4893
905-81-5864,Jimmy,Phillips,Male,jphillipsng@wsj.com,0402
243-20-9802,Bruce,Palmer,Male,bpalmernh@newsvine.com,9647
462-88-9250,Charles,Matthews,Male,cmatthewsni@nature.com,8919
613-72-7086,Anne,Richardson,Female,arichardsonnj@merriam-webster.com,4531
481-35-5943,Roy,Chavez,Male,rchaveznk@gnu.org,9403
795-24-8314,Michael,Cook,Male,mcooknl@amazon.co.uk,7779
518-23-3540,Henry,Ward,Male,hwardnm@tripod.com,8020
907-63-2962,William,Wood,Male,wwoodnn@theguardian.com,8944
701-72-9877,Amanda,Porter,Female,aporterno@cdc.gov,1289
398-29-2376,William,Day,Male,wdaynp@hubpages.com,8714
203-67-7889,Ralph,Hernandez,Male,rhernandeznq@g.co,8834
102-57-4326,Wanda,Wood,Female,wwoodnr@yale.edu,1733
149-46-5279,Andrea,White,Female,awhitens@joomla.org,8844
178-16-1478,Stephen,Anderson,Male,sandersonnt@google.co.uk,0852
337-60-9332,Terry,Lopez,Male,tlopeznu@blogspot.com,8038
177-96-4041,Craig,Payne,Male,cpaynenv@vimeo.com,5661
754-24-0132,Marilyn,Smith,Female,msmithnw@globo.com,0744
120-61-3261,Cheryl,Grant,Female,cgrantnx@opera.com,2262
776-24-5039,Sandra,Grant,Female,sgrantny@theatlantic.com,5751
143-93-7542,Paul,Schmidt,Male,pschmidtnz@edublogs.org,7700
187-31-2028,Douglas,Burton,Male,dburtono0@mapquest.com,4101
117-12-4965,Angela,Jones,Female,ajoneso1@utexas.edu,8781
179-94-0819,Christina,Hayes,Female,chayeso2@storify.com,7942
489-08-1592,Jean,Adams,Female,jadamso3@examiner.com,8151
573-64-2381,Ruth,Garza,Female,rgarzao4@reddit.com,1649
643-77-9474,Paula,Harvey,Female,pharveyo5@hp.com,8605
813-25-8524,Lillian,Arnold,Female,larnoldo6@friendfeed.com,689
122-31-4759,Joan,Cole,Female,jcoleo7@dot.gov,9713
597-37-0391,Joshua,Olson,Male,jolsono8@independent.co.uk,9976
338-35-9457,Rebecca,Gutierrez,Female,rgutierrezo9@acquirethisname.com,3322
899-09-7258,Samuel,Diaz,Male,sdiazoa@creativecommons.org,6761
129-19-6334,Larry,Parker,Male,lparkerob@nature.com,0943
494-27-4191,Andrea,Hernandez,Female,ahernandezoc@marketwatch.com,4401
200-16-4102,Ashley,Taylor,Female,ataylorod@purevolume.com,1629
174-20-0017,Amy,Garza,Female,agarzaoe@tripadvisor.com,9771
915-97-5127,Cynthia,Bryant,Female,cbryantof@pcworld.com,7394
762-47-2503,Ann,Montgomery,Female,amontgomeryog@who.int,1211
961-05-4316,Phillip,Johnson,Male,pjohnsonoh@blog.com,8625
611-84-3268,Joyce,Phillips,Female,jphillipsoi@redcross.org,4211
525-02-1906,Adam,Duncan,Male,aduncanoj@bloglines.com,4259
476-51-2931,Julie,Reynolds,Female,jreynoldsok@webnode.com,4515
229-14-0988,Judy,Johnston,Female,jjohnstonol@over-blog.com,0119
187-08-9285,Antonio,Moore,Male,amooreom@chicagotribune.com,612
961-32-7848,Wayne,Wells,Male,wwellson@omniture.com,8018
838-81-1232,Arthur,Ray,Male,arayoo@devhub.com,8925
859-85-1595,Wayne,Hill,Male,whillop@shareasale.com,9132
985-13-0649,Judy,Parker,Female,jparkeroq@github.com,5642
930-01-8626,Raymond,Rogers,Male,rrogersor@google.de,8128
692-32-3056,Rachel,Garcia,Female,rgarciaos@soundcloud.com,1809
602-91-9826,Craig,Williamson,Male,cwilliamsonot@furl.net,3993
191-60-3050,Bobby,Fisher,Male,bfisherou@adobe.com,3927
491-47-8183,Barbara,Owens,Female,bowensov@globo.com,5674
316-96-2356,Anne,Nichols,Female,anicholsow@clickbank.net,7968
389-50-6498,Susan,Hill,Female,shillox@army.mil,9817
280-98-2336,Debra,Edwards,Female,dedwardsoy@wufoo.com,6553
860-15-3930,Doris,Garrett,Female,dgarrettoz@phoca.cz,6241
803-33-8651,Eric,Gonzales,Male,egonzalesp0@wisc.edu,7695
214-70-2994,Eric,Duncan,Male,eduncanp1@about.me,8903
375-04-1216,Aaron,Bishop,Male,abishopp2@cargocollective.com,1049
752-35-9229,Jean,Bennett,Female,jbennettp3@google.pl,8221
668-67-4986,Heather,Ryan,Female,hryanp4@apache.org,7051
183-24-1526,Janet,Shaw,Female,jshawp5@nature.com,1174
990-94-9256,Janet,Rice,Female,jricep6@engadget.com,9616
238-38-7734,Randy,Flores,Male,rfloresp7@hhs.gov,1771
881-39-1156,Roy,Gilbert,Male,rgilbertp8@harvard.edu,9639
943-93-9076,Kelly,Reynolds,Female,kreynoldsp9@microsoft.com,7854
758-67-8604,Sean,Nguyen,Male,snguyenpa@flickr.com,9019
893-18-1746,Melissa,Stevens,Female,mstevenspb@printfriendly.com,9641
180-59-5490,Martha,Larson,Female,mlarsonpc@ebay.com,6509
708-79-7487,Earl,Robertson,Male,erobertsonpd@infoseek.co.jp,5731
779-11-9358,Carlos,Griffin,Male,cgriffinpe@liveinternet.ru,6576
482-79-8504,Jack,Gomez,Male,jgomezpf@csmonitor.com,4951
329-18-8489,Melissa,Franklin,Female,mfranklinpg@geocities.com,4131
834-30-9896,Dorothy,Franklin,Female,dfranklinph@usa.gov,7892
213-85-1795,Patricia,Cook,Female,pcookpi@adobe.com,9624
347-44-5950,Anne,Wagner,Female,awagnerpj@bandcamp.com,031
943-27-0807,Denise,Sims,Female,dsimspk@pcworld.com,4681
128-51-5395,Gerald,Burns,Male,gburnspl@telegraph.co.uk,3328
374-94-6799,Elizabeth,Anderson,Female,eandersonpm@usnews.com,8596
410-25-8883,Janet,Dixon,Female,jdixonpn@facebook.com,3550
779-37-4631,Martin,Kennedy,Male,mkennedypo@nationalgeographic.com,4595
960-53-3217,Harry,Morris,Male,hmorrispp@geocities.com,3868
138-89-9604,Larry,Hudson,Male,lhudsonpq@elpais.com,0681
942-18-4676,Sarah,Lane,Female,slanepr@fotki.com,9439
115-96-9673,Andrew,King,Male,akingps@rediff.com,5993
792-53-5835,Louise,Knight,Female,lknightpt@freewebs.com,0891
972-30-9176,Michael,Cunningham,Male,mcunninghampu@icq.com,0399
792-76-2336,Keith,Gray,Male,kgraypv@soundcloud.com,8185
860-01-7463,Scott,Torres,Male,storrespw@bluehost.com,4061
261-63-5184,Diane,Hudson,Female,dhudsonpx@yale.edu,9399
182-28-5423,Jerry,Howard,Male,jhowardpy@vinaora.com,0702
881-54-5266,Joe,Young,Male,jyoungpz@tuttocitta.it,3225
435-75-6033,Maria,Coleman,Female,mcolemanq0@plala.or.jp,9216
300-87-6063,Larry,Olson,Male,lolsonq1@51.la,096
791-67-6387,Carolyn,Harvey,Female,charveyq2@nymag.com,5749
679-46-0815,Anne,Robertson,Female,arobertsonq3@reverbnation.com,3334
473-27-0391,David,Matthews,Male,dmatthewsq4@yahoo.co.jp,0833
845-93-5871,Virginia,Watson,Female,vwatsonq5@hexun.com,1521
327-56-9745,Paula,Mccoy,Female,pmccoyq6@alexa.com,1723
104-13-1650,Antonio,Price,Male,apriceq7@patch.com,6443
662-59-3208,Carl,Martinez,Male,cmartinezq8@facebook.com,6629
916-88-8350,Justin,Hayes,Male,jhayesq9@smugmug.com,8681
328-27-6305,Cynthia,Owens,Female,cowensqa@rambler.ru,4673
823-77-7445,Ann,Knight,Female,aknightqb@squarespace.com,8243
288-95-2066,Stephen,Holmes,Male,sholmesqc@squarespace.com,6662
809-08-7377,Denise,Reid,Female,dreidqd@devhub.com,3795
715-65-3838,Chris,Wagner,Male,cwagnerqe@sciencedirect.com,9344
262-18-1453,Theresa,Hansen,Female,thansenqf@imgur.com,0821
229-10-1066,Joshua,Ruiz,Male,jruizqg@mysql.com,3594
982-69-9071,Shirley,Woods,Female,swoodsqh@cdc.gov,0241
575-24-0171,Willie,Hanson,Male,whansonqi@unicef.org,9547
733-41-1087,Doris,Morales,Female,dmoralesqj@ftc.gov,9954
782-04-1859,Debra,Kelly,Female,dkellyqk@themeforest.net,2551
426-52-7895,Ruby,Cole,Female,rcoleql@etsy.com,2559
112-58-1271,Michelle,Lewis,Female,mlewisqm@cornell.edu,3479
615-98-6533,Jeffrey,Long,Male,jlongqn@blogtalkradio.com,9972
638-56-6142,Helen,Powell,Female,hpowellqo@accuweather.com,9365
234-24-3897,John,Dunn,Male,jdunnqp@prnewswire.com,580
984-41-8329,Patricia,Rogers,Female,progersqq@google.pl,4991
673-93-2720,Jennifer,Morgan,Female,jmorganqr@narod.ru,7916
109-41-4288,Jean,Robinson,Female,jrobinsonqs@harvard.edu,7990
748-53-8341,Sarah,Kelly,Female,skellyqt@seesaa.net,4528
832-12-6291,Alice,Martin,Female,amartinqu@php.net,3502
970-72-8393,Donna,Day,Female,ddayqv@edublogs.org,7972
644-63-2828,Susan,Hunter,Female,shunterqw@meetup.com,8819
886-72-8651,Albert,Gonzales,Male,agonzalesqx@360.cn,8523
561-37-6761,Joseph,Burton,Male,jburtonqy@fema.gov,9991
383-97-7340,Shawn,Coleman,Male,scolemanqz@arstechnica.com,5994
461-36-9426,Daniel,Peters,Male,dpetersr0@va.gov,8795
377-31-1789,Joan,Duncan,Female,jduncanr1@reddit.com,6671
364-06-6977,Carlos,Mcdonald,Male,cmcdonaldr2@wired.com,045
404-73-8047,Anne,Cox,Female,acoxr3@blogtalkradio.com,9324
203-59-0575,Julie,Boyd,Female,jboydr4@about.com,4949
408-07-4045,Robin,Reid,Female,rreidr5@bbb.org,8344
332-86-5534,Justin,Davis,Male,jdavisr6@wp.com,9425
489-37-8782,Lillian,Lawson,Female,llawsonr7@webs.com,2092
480-89-5902,Julia,Ortiz,Female,jortizr8@addtoany.com,8254
815-24-5561,Russell,Campbell,Male,rcampbellr9@timesonline.co.uk,708
391-56-5819,Kathleen,Reid,Female,kreidra@histats.com,5523
629-40-9626,Annie,Scott,Female,ascottrb@oaic.gov.au,4642
627-88-7310,Nancy,Washington,Female,nwashingtonrc@uol.com.br,3741
386-70-1659,Rebecca,Shaw,Female,rshawrd@umn.edu,9205
948-73-6523,Brian,Schmidt,Male,bschmidtre@lulu.com,3482
468-90-4719,Frances,Hansen,Female,fhansenrf@google.com.br,1351
239-20-2038,Angela,Cunningham,Female,acunninghamrg@shinystat.com,0390
766-37-7421,Stephanie,Palmer,Female,spalmerrh@unicef.org,6562
626-91-2773,Catherine,Woods,Female,cwoodsri@discovery.com,8570
533-52-1523,Theresa,Henderson,Female,thendersonrj@typepad.com,3802
114-27-3727,Christine,Henry,Female,chenryrk@telegraph.co.uk,9036
907-91-5470,Willie,Burke,Male,wburkerl@feedburner.com,6594
361-37-7346,Susan,Patterson,Female,spattersonrm@studiopress.com,7976
486-87-4590,Bruce,Bell,Male,bbellrn@nps.gov,8933
262-94-6991,Edward,Nichols,Male,enicholsro@webnode.com,0398
608-73-3331,Andrew,Wheeler,Male,awheelerrp@chicagotribune.com,7976
296-36-7448,Antonio,Greene,Male,agreenerq@java.com,7631
872-26-7206,Henry,Vasquez,Male,hvasquezrr@google.cn,0339
